"idAvailability";"lastUpdate";"availableBikeStands";"availableBikes";"status";"nameStation"
1;"1677146149000";29;1;"OPEN";""
2;"1677145763000";11;9;"OPEN";""
3;"1677145884000";12;20;"OPEN";""
4;"1677146069000";27;8;"OPEN";""
5;"1677145641000";7;23;"OPEN";""
6;"1677146178000";1;36;"OPEN";""
7;"1677146072000";18;2;"OPEN";""
8;"1677145940000";17;12;"OPEN";""
9;"1677145963000";17;13;"OPEN";""
10;"1677146129000";18;13;"OPEN";""
11;"1677146048000";17;22;"OPEN";""
12;"1677145952000";15;14;"OPEN";""
13;"1677145688000";30;0;"OPEN";""
14;"1677145770000";14;5;"OPEN";""
15;"1677146130000";17;23;"OPEN";""
16;"1677145655000";16;14;"OPEN";""
17;"1677145993000";4;27;"OPEN";""
18;"1677146110000";20;9;"OPEN";""
19;"1677146125000";40;0;"OPEN";""
20;"1677145928000";23;7;"OPEN";""
21;"1677146171000";3;36;"OPEN";""
22;"1677146121000";30;0;"OPEN";""
23;"1677145783000";25;13;"OPEN";""
24;"1677145696000";30;0;"OPEN";""
25;"1677146004000";4;36;"OPEN";""
26;"1677146144000";15;15;"OPEN";""
27;"1677145944000";19;1;"OPEN";""
28;"1677145801000";9;18;"OPEN";""
29;"1677146165000";27;13;"OPEN";""
30;"1677146041000";31;0;"OPEN";""
31;"1677146015000";11;21;"OPEN";""
32;"1677145936000";13;27;"OPEN";""
33;"1677146093000";13;15;"OPEN";""
34;"1677146179000";6;24;"OPEN";""
35;"1677146182000";19;4;"OPEN";""
36;"1677146135000";18;21;"OPEN";""
37;"1677146162000";30;0;"OPEN";""
38;"1677146062000";13;23;"OPEN";""
39;"1677146170000";16;24;"OPEN";""
40;"1677146157000";40;0;"OPEN";""
41;"1677146100000";33;7;"OPEN";""
42;"1677146089000";25;0;"OPEN";""
43;"1677145588000";27;2;"OPEN";""
44;"1677146148000";5;15;"OPEN";""
45;"1677145971000";19;21;"OPEN";""
46;"1677145793000";0;28;"OPEN";""
47;"1677145744000";29;0;"OPEN";""
48;"1677146101000";23;7;"OPEN";""
49;"1677146131000";37;3;"OPEN";""
50;"1677146040000";24;16;"OPEN";""
51;"1677146076000";22;18;"OPEN";""
52;"1677146182000";13;26;"OPEN";""
53;"1677146175000";0;40;"OPEN";""
54;"1677145846000";19;21;"OPEN";""
55;"1677145971000";16;14;"OPEN";""
56;"1677145600000";25;4;"OPEN";""
57;"1677146125000";26;14;"OPEN";""
58;"1677145715000";38;2;"OPEN";""
59;"1677146140000";23;7;"OPEN";""
60;"1677146186000";6;14;"OPEN";""
61;"1677146138000";13;7;"OPEN";""
62;"1677145841000";29;1;"OPEN";""
63;"1677145778000";19;3;"OPEN";""
64;"1677146098000";36;2;"OPEN";""
65;"1677145852000";37;3;"OPEN";""
66;"1677146131000";27;0;"OPEN";""
67;"1677146163000";0;39;"OPEN";""
68;"1677146036000";20;10;"OPEN";""
69;"1677145938000";28;12;"OPEN";""
70;"1677146071000";20;8;"OPEN";""
71;"1677145804000";11;9;"OPEN";""
72;"1677146018000";34;6;"OPEN";""
73;"1677145913000";39;1;"OPEN";""
74;"1677145898000";36;0;"OPEN";""
75;"1677146117000";13;27;"OPEN";""
76;"1677145709000";40;0;"OPEN";""
77;"1677145669000";7;12;"OPEN";""
78;"1677145742000";40;0;"OPEN";""
79;"1677145644000";32;8;"OPEN";""
80;"1677146184000";20;0;"OPEN";""
81;"1677146158000";30;0;"OPEN";""
82;"1677145913000";27;13;"OPEN";""
83;"1677145715000";20;0;"OPEN";""
84;"1677146039000";40;0;"OPEN";""
85;"1675786128000";0;1;"OPEN";""
86;"1677146158000";36;4;"OPEN";""
87;"1677145610000";7;12;"OPEN";""
88;"1677145593000";0;39;"OPEN";""
89;"1677145892000";13;0;"OPEN";""
90;"1677145885000";26;12;"OPEN";""
91;"1677145880000";26;2;"OPEN";""
92;"1677146160000";8;8;"OPEN";""
93;"1677146171000";25;0;"OPEN";""
94;"1677145908000";13;7;"OPEN";""
95;"1677145909000";10;29;"OPEN";""
96;"1677145742000";10;18;"OPEN";""
97;"1677145853000";35;0;"OPEN";""
98;"1677145608000";40;0;"OPEN";""
99;"1677145687000";1;22;"OPEN";""
100;"1677145660000";29;1;"OPEN";""
101;"1677145593000";35;4;"OPEN";""
102;"1677145997000";4;19;"OPEN";""
103;"1677145830000";39;1;"OPEN";""
104;"1677145826000";19;0;"OPEN";""
105;"1677146140000";9;11;"OPEN";""
106;"1677145839000";12;9;"OPEN";""
107;"1677146134000";22;7;"OPEN";""
108;"1677145929000";38;2;"OPEN";""
109;"1677145990000";23;7;"OPEN";""
110;"1677145766000";20;0;"OPEN";""
111;"1677145817000";39;1;"OPEN";""
112;"1677146143000";19;21;"OPEN";""
113;"1677145965000";0;29;"OPEN";""
114;"1677145930000";30;0;"OPEN";""
115;"1677146781000";30;0;"OPEN";""
116;"1677146626000";13;7;"OPEN";""
117;"1677146490000";12;20;"OPEN";""
118;"1677146586000";28;7;"OPEN";""
119;"1677146548000";8;22;"OPEN";""
120;"1677146578000";2;35;"OPEN";""
121;"1677146565000";19;1;"OPEN";""
122;"1677146806000";22;7;"OPEN";""
123;"1677146890000";12;18;"OPEN";""
124;"1677146779000";16;15;"OPEN";""
125;"1677146364000";19;20;"OPEN";""
126;"1677146477000";13;16;"OPEN";""
127;"1677146900000";30;0;"OPEN";""
128;"1677146376000";14;5;"OPEN";""
129;"1677146652000";15;25;"OPEN";""
130;"1677146623000";14;16;"OPEN";""
131;"1677146600000";4;27;"OPEN";""
132;"1677146806000";21;8;"OPEN";""
133;"1677146732000";40;0;"OPEN";""
134;"1677146441000";24;6;"OPEN";""
135;"1677146817000";3;36;"OPEN";""
136;"1677146728000";30;0;"OPEN";""
137;"1677146389000";25;13;"OPEN";""
138;"1677146736000";22;8;"OPEN";""
139;"1677146555000";5;35;"OPEN";""
140;"1677146497000";16;14;"OPEN";""
141;"1677146550000";19;1;"OPEN";""
142;"1677146520000";8;19;"OPEN";""
143;"1677146728000";24;16;"OPEN";""
144;"1677146647000";31;0;"OPEN";""
145;"1677146622000";11;21;"OPEN";""
146;"1677146542000";13;27;"OPEN";""
147;"1677146478000";11;17;"OPEN";""
148;"1677146785000";6;24;"OPEN";""
149;"1677146822000";18;5;"OPEN";""
150;"1677146835000";15;24;"OPEN";""
151;"1677146768000";30;0;"OPEN";""
152;"1677146668000";13;23;"OPEN";""
153;"1677146870000";14;26;"OPEN";""
154;"1677146869000";21;19;"OPEN";""
155;"1677146706000";33;7;"OPEN";""
156;"1677146696000";25;0;"OPEN";""
157;"1677146727000";26;3;"OPEN";""
158;"1677146653000";5;15;"OPEN";""
159;"1677146867000";20;20;"OPEN";""
160;"1677146807000";1;27;"OPEN";""
161;"1677146692000";28;1;"OPEN";""
162;"1677146707000";23;7;"OPEN";""
163;"1677146648000";39;1;"OPEN";""
164;"1677146766000";23;17;"OPEN";""
165;"1677146836000";21;19;"OPEN";""
166;"1677146746000";12;27;"OPEN";""
167;"1677146707000";2;38;"OPEN";""
168;"1677146615000";20;20;"OPEN";""
169;"1677146625000";15;15;"OPEN";""
170;"1677146532000";27;3;"OPEN";""
171;"1677146687000";24;16;"OPEN";""
172;"1677146322000";38;2;"OPEN";""
173;"1677146852000";23;7;"OPEN";""
174;"1677146901000";5;15;"OPEN";""
175;"1677146819000";13;7;"OPEN";""
176;"1677146447000";29;1;"OPEN";""
177;"1677146507000";19;3;"OPEN";""
178;"1677146530000";38;0;"OPEN";""
179;"1677146678000";36;4;"OPEN";""
180;"1677146737000";27;0;"OPEN";""
181;"1677146522000";1;38;"OPEN";""
182;"1677146379000";22;8;"OPEN";""
183;"1677146359000";29;11;"OPEN";""
184;"1677146661000";19;9;"OPEN";""
185;"1677146411000";11;9;"OPEN";""
186;"1677146624000";34;6;"OPEN";""
187;"1677146520000";39;1;"OPEN";""
188;"1677146505000";36;0;"OPEN";""
189;"1677146306000";11;29;"OPEN";""
190;"1677146314000";40;0;"OPEN";""
191;"1677146902000";6;13;"OPEN";""
192;"1677146610000";39;1;"OPEN";""
193;"1677146857000";32;8;"OPEN";""
194;"1677146790000";20;0;"OPEN";""
195;"1677146765000";30;0;"OPEN";""
196;"1677146519000";27;13;"OPEN";""
197;"1677146346000";20;0;"OPEN";""
198;"1677146645000";40;0;"OPEN";""
199;"1675786128000";0;1;"OPEN";""
200;"1677146474000";37;3;"OPEN";""
201;"1677146689000";6;13;"OPEN";""
202;"1677146341000";1;38;"OPEN";""
203;"1677146498000";13;0;"OPEN";""
204;"1677146754000";28;10;"OPEN";""
205;"1677146831000";22;6;"OPEN";""
206;"1677146433000";8;8;"OPEN";""
207;"1677146778000";25;0;"OPEN";""
208;"1677146772000";13;7;"OPEN";""
209;"1677146753000";9;30;"OPEN";""
210;"1677146348000";10;18;"OPEN";""
211;"1677146873000";27;8;"OPEN";""
212;"1677146820000";40;0;"OPEN";""
213;"1677146829000";1;22;"OPEN";""
214;"1677146873000";29;1;"OPEN";""
215;"1677146806000";35;4;"OPEN";""
216;"1677146603000";4;19;"OPEN";""
217;"1677146879000";37;3;"OPEN";""
218;"1677146653000";17;2;"OPEN";""
219;"1677146504000";10;10;"OPEN";""
220;"1677146445000";12;9;"OPEN";""
221;"1677146725000";23;6;"OPEN";""
222;"1677146381000";36;4;"OPEN";""
223;"1677146334000";24;6;"OPEN";""
224;"1677146881000";16;4;"OPEN";""
225;"1677146423000";39;1;"OPEN";""
226;"1677146704000";21;19;"OPEN";""
227;"1677146882000";1;28;"OPEN";""
228;"1677146536000";30;0;"OPEN";""
229;"1677362493000";2;28;"OPEN";""
230;"1677362326000";19;1;"OPEN";""
231;"1677362225000";30;3;"OPEN";""
232;"1677362295000";30;5;"OPEN";""
233;"1677362764000";27;3;"OPEN";""
234;"1677362656000";20;20;"OPEN";""
235;"1677362307000";0;20;"OPEN";""
236;"1677362556000";17;13;"OPEN";""
237;"1677362607000";19;11;"OPEN";""
238;"1677362320000";19;13;"OPEN";""
239;"1677362427000";15;25;"OPEN";""
240;"1677362374000";15;15;"OPEN";""
241;"1677362210000";30;0;"OPEN";""
242;"1677362265000";15;5;"OPEN";""
243;"1677362332000";0;40;"OPEN";""
244;"1677362370000";1;26;"OPEN";""
245;"1677362706000";6;25;"OPEN";""
246;"1677362321000";7;23;"OPEN";""
247;"1677362777000";23;17;"OPEN";""
248;"1677362411000";28;2;"OPEN";""
249;"1677362615000";27;13;"OPEN";""
250;"1677362770000";19;11;"OPEN";""
251;"1677362446000";30;8;"OPEN";""
252;"1677362608000";30;0;"OPEN";""
253;"1677362336000";24;16;"OPEN";""
254;"1677362762000";24;6;"OPEN";""
255;"1677362780000";15;5;"OPEN";""
256;"1677362520000";22;8;"OPEN";""
257;"1677362282000";39;1;"OPEN";""
258;"1677362739000";15;16;"OPEN";""
259;"1677362322000";15;20;"OPEN";""
260;"1677362320000";34;6;"OPEN";""
261;"1677362746000";2;28;"OPEN";""
262;"1677362296000";26;4;"OPEN";""
263;"1677362637000";3;21;"OPEN";""
264;"1677362369000";14;26;"OPEN";""
265;"1677362601000";27;3;"OPEN";""
266;"1677362666000";36;0;"OPEN";""
267;"1677362546000";23;17;"OPEN";""
268;"1677362480000";27;13;"OPEN";""
269;"1677362278000";37;3;"OPEN";""
270;"1677362242000";25;0;"OPEN";""
271;"1677362408000";0;29;"OPEN";""
272;"1677362466000";8;12;"OPEN";""
273;"1677362655000";39;1;"OPEN";""
274;"1677362284000";20;10;"OPEN";""
275;"1677362656000";19;10;"OPEN";""
276;"1677362387000";7;23;"OPEN";""
277;"1677362666000";31;9;"OPEN";""
278;"1677362503000";16;23;"OPEN";""
279;"1677362342000";36;4;"OPEN";""
280;"1677362326000";19;21;"OPEN";""
281;"1677362651000";32;8;"OPEN";""
282;"1677362587000";39;1;"OPEN";""
283;"1677362368000";6;24;"OPEN";""
284;"1677362401000";2;28;"OPEN";""
285;"1677362395000";39;1;"OPEN";""
286;"1677362510000";29;11;"OPEN";""
287;"1677362441000";27;3;"OPEN";""
288;"1677362561000";5;15;"OPEN";""
289;"1677362550000";15;5;"OPEN";""
290;"1677362523000";27;3;"OPEN";""
291;"1677362660000";14;8;"OPEN";""
292;"1677362266000";21;17;"OPEN";""
293;"1677362279000";35;5;"OPEN";""
294;"1677362561000";21;6;"OPEN";""
295;"1677362735000";26;14;"OPEN";""
296;"1677362667000";28;2;"OPEN";""
297;"1677362524000";18;22;"OPEN";""
298;"1677362590000";10;20;"OPEN";""
299;"1677362780000";16;4;"OPEN";""
300;"1677362641000";36;4;"OPEN";""
301;"1677362469000";28;12;"OPEN";""
302;"1677362754000";33;3;"OPEN";""
303;"1677362752000";24;16;"OPEN";""
304;"1677362282000";14;26;"OPEN";""
305;"1677362784000";5;14;"OPEN";""
306;"1677362531000";19;21;"OPEN";""
307;"1677362640000";28;12;"OPEN";""
308;"1677362473000";19;1;"OPEN";""
309;"1677362534000";29;1;"OPEN";""
310;"1677362470000";25;15;"OPEN";""
311;"1677362550000";20;0;"OPEN";""
312;"1677362626000";39;1;"OPEN";""
313;"1675786128000";0;1;"OPEN";""
314;"1677362629000";37;3;"OPEN";""
315;"1677362609000";2;17;"OPEN";""
316;"1677362736000";38;2;"OPEN";""
317;"1677362739000";12;1;"OPEN";""
318;"1677362732000";10;28;"OPEN";""
319;"1677362560000";8;21;"OPEN";""
320;"1677362601000";1;15;"OPEN";""
321;"1677362340000";0;25;"OPEN";""
322;"1677362462000";1;19;"OPEN";""
323;"1677362598000";25;15;"OPEN";""
324;"1677362399000";3;26;"OPEN";""
325;"1677362263000";32;3;"OPEN";""
326;"1677362654000";20;20;"OPEN";""
327;"1677362260000";5;18;"OPEN";""
328;"1677362524000";20;10;"OPEN";""
329;"1677362488000";38;2;"OPEN";""
330;"1677362686000";17;6;"OPEN";""
331;"1677362415000";33;7;"OPEN";""
332;"1677362716000";15;5;"OPEN";""
333;"1677362706000";6;14;"OPEN";""
334;"1677362378000";1;20;"OPEN";""
335;"1677362290000";1;28;"OPEN";""
336;"1677362471000";36;4;"OPEN";""
337;"1677362380000";8;22;"OPEN";""
338;"1677362317000";18;2;"OPEN";""
339;"1677362556000";29;11;"OPEN";""
340;"1677362228000";19;21;"OPEN";""
341;"1677362687000";14;16;"OPEN";""
342;"1677362392000";5;25;"OPEN";""
343;"1677746810000";23;7;"OPEN";""
344;"1677746747000";15;5;"OPEN";""
345;"1677746660000";24;9;"OPEN";""
346;"1677746890000";30;5;"OPEN";""
347;"1677746913000";18;12;"OPEN";""
348;"1677746874000";22;18;"OPEN";""
349;"1677746912000";11;8;"OPEN";""
350;"1677746880000";6;24;"OPEN";""
351;"1677746918000";23;7;"OPEN";""
352;"1677746631000";28;4;"OPEN";""
353;"1677746598000";33;6;"OPEN";""
354;"1677746549000";24;6;"OPEN";""
355;"1677746810000";30;0;"OPEN";""
356;"1677746901000";18;2;"OPEN";""
357;"1677746895000";28;12;"OPEN";""
358;"1677746709000";28;2;"OPEN";""
359;"1677746807000";9;21;"OPEN";""
360;"1677746576000";17;13;"OPEN";""
361;"1677746620000";30;10;"OPEN";""
362;"1677746840000";21;9;"OPEN";""
363;"1677746896000";22;18;"OPEN";""
364;"1677746565000";29;1;"OPEN";""
365;"1677746522000";29;9;"OPEN";""
366;"1677746831000";17;13;"OPEN";""
367;"1677746714000";19;21;"OPEN";""
368;"1677746457000";25;5;"OPEN";""
369;"1677746781000";18;2;"OPEN";""
370;"1677746660000";25;4;"OPEN";""
371;"1677746895000";1;36;"OPEN";""
372;"1677746845000";27;4;"OPEN";""
373;"1677746456000";29;6;"OPEN";""
374;"1677746565000";36;4;"OPEN";""
375;"1677746883000";3;27;"OPEN";""
376;"1677746815000";23;7;"OPEN";""
377;"1677746773000";20;4;"OPEN";""
378;"1677746847000";5;34;"OPEN";""
379;"1677746691000";29;1;"OPEN";""
380;"1677746922000";25;11;"OPEN";""
381;"1677746841000";16;24;"OPEN";""
382;"1677746692000";40;0;"OPEN";""
383;"1677746892000";35;5;"OPEN";""
384;"1677746350000";16;9;"OPEN";""
385;"1677746601000";16;13;"OPEN";""
386;"1677746376000";26;4;"OPEN";""
387;"1677746892000";16;4;"OPEN";""
388;"1677746906000";13;27;"OPEN";""
389;"1677746912000";3;26;"OPEN";""
390;"1677746617000";23;6;"OPEN";""
391;"1677746885000";27;3;"OPEN";""
392;"1677746604000";21;19;"OPEN";""
393;"1677746877000";1;34;"OPEN";""
394;"1677746920000";27;13;"OPEN";""
395;"1677746774000";16;23;"OPEN";""
396;"1677746875000";3;36;"OPEN";""
397;"1677746515000";39;1;"OPEN";""
398;"1677746863000";24;6;"OPEN";""
399;"1677746621000";13;16;"OPEN";""
400;"1677746697000";37;3;"OPEN";""
401;"1677746520000";28;12;"OPEN";""
402;"1677746908000";23;7;"OPEN";""
403;"1677746744000";13;7;"OPEN";""
404;"1677746866000";11;9;"OPEN";""
405;"1677746867000";22;8;"OPEN";""
406;"1677746869000";8;0;"OPEN";""
407;"1677746894000";22;16;"OPEN";""
408;"1677746482000";39;1;"OPEN";""
409;"1677746768000";15;12;"OPEN";""
410;"1677746910000";16;24;"OPEN";""
411;"1677746902000";23;6;"OPEN";""
412;"1677746884000";37;3;"OPEN";""
413;"1677746775000";25;4;"OPEN";""
414;"1677746797000";14;6;"OPEN";""
415;"1677746922000";29;11;"OPEN";""
416;"1677746691000";35;5;"OPEN";""
417;"1677746838000";19;17;"OPEN";""
418;"1677746790000";30;10;"OPEN";""
419;"1677746359000";28;12;"OPEN";""
420;"1677746744000";19;0;"OPEN";""
421;"1677746854000";30;10;"OPEN";""
422;"1677746661000";32;8;"OPEN";""
423;"1677746815000";15;5;"OPEN";""
424;"1677746552000";30;0;"OPEN";""
425;"1677746613000";26;13;"OPEN";""
426;"1677746618000";12;8;"OPEN";""
427;"1677746413000";26;14;"OPEN";""
428;"1675786128000";0;1;"OPEN";""
429;"1677746643000";40;0;"OPEN";""
430;"1677746861000";14;5;"OPEN";""
431;"1677746850000";6;29;"OPEN";""
432;"1677746608000";9;4;"OPEN";""
433;"1677746921000";30;8;"OPEN";""
434;"1677746505000";19;10;"OPEN";""
435;"1677746706000";12;3;"OPEN";""
436;"1677746380000";24;1;"OPEN";""
437;"1677746676000";7;12;"OPEN";""
438;"1677746810000";36;4;"OPEN";""
439;"1677746501000";2;27;"OPEN";""
440;"1677746822000";20;15;"OPEN";""
441;"1677746614000";30;10;"OPEN";""
442;"1677746574000";18;5;"OPEN";""
443;"1677746516000";29;1;"OPEN";""
444;"1677746805000";35;5;"OPEN";""
445;"1677746915000";16;6;"OPEN";""
446;"1677746796000";19;20;"OPEN";""
447;"1677746845000";13;7;"OPEN";""
448;"1677746879000";20;0;"OPEN";""
449;"1677746902000";8;13;"OPEN";""
450;"1677746808000";25;4;"OPEN";""
451;"1677746697000";37;3;"OPEN";""
452;"1677746920000";30;0;"OPEN";""
453;"1677746533000";20;0;"OPEN";""
454;"1677746337000";29;11;"OPEN";""
455;"1677746342000";19;21;"OPEN";""
456;"1677746896000";14;16;"OPEN";""
457;"1677748340000";28;2;"OPEN";""
458;"1677748682000";15;5;"OPEN";""
459;"1677748823000";19;13;"OPEN";""
460;"1677748578000";34;1;"OPEN";""
461;"1677748706000";9;21;"OPEN";""
462;"1677748768000";20;20;"OPEN";""
463;"1677748826000";12;7;"OPEN";""
464;"1677748719000";14;16;"OPEN";""
465;"1677748760000";27;3;"OPEN";""
466;"1677748446000";28;4;"OPEN";""
467;"1677748292000";34;5;"OPEN";""
468;"1677748732000";20;10;"OPEN";""
469;"1677748626000";30;0;"OPEN";""
470;"1677748622000";19;1;"OPEN";""
471;"1677748545000";23;17;"OPEN";""
472;"1677748790000";22;8;"OPEN";""
473;"1677748658000";1;29;"OPEN";""
474;"1677748599000";14;16;"OPEN";""
475;"1677748747000";32;8;"OPEN";""
476;"1677748455000";27;3;"OPEN";""
477;"1677748607000";8;32;"OPEN";""
478;"1677748545000";30;0;"OPEN";""
479;"1677748570000";32;6;"OPEN";""
480;"1677748303000";19;11;"OPEN";""
481;"1677748741000";4;35;"OPEN";""
482;"1677748494000";23;7;"OPEN";""
483;"1677748283000";18;2;"OPEN";""
484;"1677748338000";24;5;"OPEN";""
485;"1677748750000";4;33;"OPEN";""
486;"1677748732000";29;2;"OPEN";""
487;"1677748796000";24;10;"OPEN";""
488;"1677748832000";32;8;"OPEN";""
489;"1677748531000";4;26;"OPEN";""
490;"1677748531000";22;8;"OPEN";""
491;"1677748835000";12;12;"OPEN";""
492;"1677748541000";0;39;"OPEN";""
493;"1677748694000";30;0;"OPEN";""
494;"1677748785000";16;20;"OPEN";""
495;"1677748805000";10;30;"OPEN";""
496;"1677748727000";40;0;"OPEN";""
497;"1677748307000";40;0;"OPEN";""
498;"1677748707000";18;7;"OPEN";""
499;"1677748617000";15;14;"OPEN";""
500;"1677748329000";28;2;"OPEN";""
501;"1677748752000";12;8;"OPEN";""
502;"1677748803000";19;21;"OPEN";""
503;"1677748833000";0;29;"OPEN";""
504;"1677748743000";26;3;"OPEN";""
505;"1677748314000";30;0;"OPEN";""
506;"1677748678000";24;16;"OPEN";""
507;"1677748670000";5;30;"OPEN";""
508;"1677748766000";22;18;"OPEN";""
509;"1677748691000";4;35;"OPEN";""
510;"1677748836000";0;39;"OPEN";""
511;"1677748355000";38;2;"OPEN";""
512;"1677748252000";27;3;"OPEN";""
513;"1677748837000";10;19;"OPEN";""
514;"1677748680000";29;11;"OPEN";""
515;"1677748675000";26;14;"OPEN";""
516;"1677748720000";19;11;"OPEN";""
517;"1677748819000";8;12;"OPEN";""
518;"1677748325000";13;7;"OPEN";""
519;"1677748293000";25;5;"OPEN";""
520;"1677748686000";8;0;"OPEN";""
521;"1677748737000";22;16;"OPEN";""
522;"1677748498000";35;5;"OPEN";""
523;"1677748509000";17;10;"OPEN";""
524;"1677748537000";0;40;"OPEN";""
525;"1677748774000";17;11;"OPEN";""
526;"1677748264000";35;5;"OPEN";""
527;"1677748558000";23;6;"OPEN";""
528;"1677748661000";13;7;"OPEN";""
529;"1677748729000";31;9;"OPEN";""
530;"1677748507000";35;5;"OPEN";""
531;"1677748563000";18;18;"OPEN";""
532;"1677748593000";22;18;"OPEN";""
533;"1677748531000";35;5;"OPEN";""
534;"1677748358000";16;3;"OPEN";""
535;"1677748334000";32;8;"OPEN";""
536;"1677748833000";31;9;"OPEN";""
537;"1677748260000";17;3;"OPEN";""
538;"1677748446000";30;0;"OPEN";""
539;"1677748383000";28;11;"OPEN";""
540;"1677748278000";16;4;"OPEN";""
541;"1677748588000";26;14;"OPEN";""
542;"1675786128000";0;1;"OPEN";""
543;"1677748537000";39;1;"OPEN";""
544;"1677748342000";10;9;"OPEN";""
545;"1677748699000";0;35;"OPEN";""
546;"1677748599000";11;2;"OPEN";""
547;"1677748690000";35;3;"OPEN";""
548;"1677748389000";20;9;"OPEN";""
549;"1677748518000";12;3;"OPEN";""
550;"1677748637000";23;2;"OPEN";""
551;"1677748701000";4;15;"OPEN";""
552;"1677748711000";28;12;"OPEN";""
553;"1677748492000";0;29;"OPEN";""
554;"1677748756000";22;13;"OPEN";""
555;"1677748758000";34;6;"OPEN";""
556;"1677748813000";12;11;"OPEN";""
557;"1677748811000";30;0;"OPEN";""
558;"1677748672000";35;5;"OPEN";""
559;"1677748781000";13;9;"OPEN";""
560;"1677748577000";20;19;"OPEN";""
561;"1677748493000";20;0;"OPEN";""
562;"1677748458000";9;11;"OPEN";""
563;"1677748427000";7;14;"OPEN";""
564;"1677748661000";23;6;"OPEN";""
565;"1677748310000";33;7;"OPEN";""
566;"1677748604000";18;12;"OPEN";""
567;"1677748772000";17;3;"OPEN";""
568;"1677748605000";31;9;"OPEN";""
569;"1677748513000";31;9;"OPEN";""
570;"1677748809000";6;24;"OPEN";""
571;"1678052275000";1;29;"OPEN";""
572;"1678051912000";15;5;"OPEN";""
573;"1678051812000";29;4;"OPEN";""
574;"1678052024000";25;10;"OPEN";""
575;"1678051890000";29;1;"OPEN";""
576;"1678052280000";34;6;"OPEN";""
577;"1678051933000";3;17;"OPEN";""
578;"1678051986000";0;30;"OPEN";""
579;"1678052306000";30;0;"OPEN";""
580;"1678051888000";7;25;"OPEN";""
581;"1678051879000";40;0;"OPEN";""
582;"1678052257000";27;2;"OPEN";""
583;"1678051843000";21;9;"OPEN";""
584;"1678051838000";6;14;"OPEN";""
585;"1678051928000";4;36;"OPEN";""
586;"1678051861000";2;28;"OPEN";""
587;"1678052198000";18;12;"OPEN";""
588;"1678052224000";5;24;"OPEN";""
589;"1678052316000";37;3;"OPEN";""
590;"1678052301000";18;12;"OPEN";""
591;"1678052198000";22;18;"OPEN";""
592;"1678052105000";5;25;"OPEN";""
593;"1678051821000";28;10;"OPEN";""
594;"1678052230000";19;11;"OPEN";""
595;"1678051952000";35;5;"OPEN";""
596;"1678051759000";29;1;"OPEN";""
597;"1678051941000";19;1;"OPEN";""
598;"1678052268000";16;14;"OPEN";""
599;"1678052183000";34;6;"OPEN";""
600;"1678051994000";24;7;"OPEN";""
601;"1678051825000";22;13;"OPEN";""
602;"1678051730000";33;7;"OPEN";""
603;"1678051764000";9;21;"OPEN";""
604;"1678052185000";28;2;"OPEN";""
605;"1678052179000";4;20;"OPEN";""
606;"1678052273000";29;11;"OPEN";""
607;"1678052300000";27;3;"OPEN";""
608;"1678051805000";33;3;"OPEN";""
609;"1678052091000";39;1;"OPEN";""
610;"1678051955000";40;0;"OPEN";""
611;"1678052210000";29;11;"OPEN";""
612;"1678052195000";24;1;"OPEN";""
613;"1678051800000";1;28;"OPEN";""
614;"1678052212000";25;5;"OPEN";""
615;"1678052072000";0;20;"OPEN";""
616;"1678052230000";35;5;"OPEN";""
617;"1678051942000";17;13;"OPEN";""
618;"1678051848000";24;5;"OPEN";""
619;"1678052177000";21;9;"OPEN";""
620;"1678052296000";38;1;"OPEN";""
621;"1678052193000";17;23;"OPEN";""
622;"1678052274000";34;6;"OPEN";""
623;"1678051772000";11;29;"OPEN";""
624;"1678052116000";30;10;"OPEN";""
625;"1678051869000";40;0;"OPEN";""
626;"1678051733000";1;29;"OPEN";""
627;"1678052259000";2;28;"OPEN";""
628;"1678051905000";35;5;"OPEN";""
629;"1678052035000";37;3;"OPEN";""
630;"1678052284000";23;7;"OPEN";""
631;"1678051972000";10;10;"OPEN";""
632;"1678052078000";1;19;"OPEN";""
633;"1678051962000";23;7;"OPEN";""
634;"1678052256000";4;4;"OPEN";""
635;"1678051820000";23;15;"OPEN";""
636;"1678051992000";38;2;"OPEN";""
637;"1678052306000";27;0;"OPEN";""
638;"1678052041000";14;26;"OPEN";""
639;"1678052225000";26;4;"OPEN";""
640;"1678051921000";11;29;"OPEN";""
641;"1678052041000";21;9;"OPEN";""
642;"1678052065000";17;3;"OPEN";""
643;"1678052048000";36;3;"OPEN";""
644;"1678052275000";28;12;"OPEN";""
645;"1678051988000";32;4;"OPEN";""
646;"1678052131000";25;15;"OPEN";""
647;"1678052129000";7;33;"OPEN";""
648;"1678052231000";8;11;"OPEN";""
649;"1678052254000";26;14;"OPEN";""
650;"1678052159000";38;2;"OPEN";""
651;"1678052213000";17;3;"OPEN";""
652;"1678052250000";29;1;"OPEN";""
653;"1678052182000";39;1;"OPEN";""
654;"1678052042000";17;3;"OPEN";""
655;"1678051864000";3;37;"OPEN";""
656;"1675786128000";0;1;"OPEN";""
657;"1678051869000";33;7;"OPEN";""
658;"1678051745000";1;19;"OPEN";""
659;"1678051737000";40;0;"OPEN";""
660;"1678052222000";13;0;"OPEN";""
661;"1678051903000";4;34;"OPEN";""
662;"1678051752000";11;18;"OPEN";""
663;"1678052105000";4;12;"OPEN";""
664;"1678052041000";15;10;"OPEN";""
665;"1678052103000";5;14;"OPEN";""
666;"1678052212000";23;17;"OPEN";""
667;"1678051793000";2;27;"OPEN";""
668;"1678052107000";13;22;"OPEN";""
669;"1678051810000";24;16;"OPEN";""
670;"1678051773000";4;18;"OPEN";""
671;"1678051978000";26;4;"OPEN";""
672;"1678051757000";37;3;"OPEN";""
673;"1678052306000";18;5;"OPEN";""
674;"1678051964000";22;18;"OPEN";""
675;"1678051908000";18;2;"OPEN";""
676;"1678051897000";5;15;"OPEN";""
677;"1678051754000";1;18;"OPEN";""
678;"1678051800000";1;28;"OPEN";""
679;"1678051804000";40;0;"OPEN";""
680;"1678051752000";27;3;"OPEN";""
681;"1678052116000";17;3;"OPEN";""
682;"1678051898000";15;25;"OPEN";""
683;"1678051816000";3;37;"OPEN";""
684;"1678052199000";4;26;"OPEN";""
685;"1678052275000";1;29;"OPEN";""
686;"1678052518000";15;5;"OPEN";""
687;"1678052417000";29;4;"OPEN";""
688;"1678052024000";25;10;"OPEN";""
689;"1678052496000";29;1;"OPEN";""
690;"1678052280000";34;6;"OPEN";""
691;"1678052538000";3;17;"OPEN";""
692;"1678052591000";0;30;"OPEN";""
693;"1678052306000";30;0;"OPEN";""
694;"1678052493000";7;25;"OPEN";""
695;"1678052485000";40;0;"OPEN";""
696;"1678052257000";27;2;"OPEN";""
697;"1678052448000";21;9;"OPEN";""
698;"1678052444000";6;14;"OPEN";""
699;"1678052534000";4;36;"OPEN";""
700;"1678052466000";2;28;"OPEN";""
701;"1678052198000";18;12;"OPEN";""
702;"1678052420000";5;24;"OPEN";""
703;"1678052316000";37;3;"OPEN";""
704;"1678052301000";18;12;"OPEN";""
705;"1678052198000";22;18;"OPEN";""
706;"1678052105000";5;25;"OPEN";""
707;"1678052427000";28;10;"OPEN";""
708;"1678052230000";19;11;"OPEN";""
709;"1678052558000";35;5;"OPEN";""
710;"1678052365000";29;1;"OPEN";""
711;"1678052547000";19;1;"OPEN";""
712;"1678052268000";16;14;"OPEN";""
713;"1678052183000";34;6;"OPEN";""
714;"1678052600000";24;7;"OPEN";""
715;"1678052430000";22;13;"OPEN";""
716;"1678052336000";33;7;"OPEN";""
717;"1678052369000";9;21;"OPEN";""
718;"1678052185000";28;2;"OPEN";""
719;"1678052179000";4;20;"OPEN";""
720;"1678052273000";29;11;"OPEN";""
721;"1678052300000";27;3;"OPEN";""
722;"1678052411000";33;3;"OPEN";""
723;"1678052091000";39;1;"OPEN";""
724;"1678052612000";39;1;"OPEN";""
725;"1678052349000";27;13;"OPEN";""
726;"1678052195000";24;1;"OPEN";""
727;"1678052406000";1;28;"OPEN";""
728;"1678052212000";25;5;"OPEN";""
729;"1678052479000";0;20;"OPEN";""
730;"1678052230000";35;5;"OPEN";""
731;"1678052547000";17;13;"OPEN";""
732;"1678052453000";24;5;"OPEN";""
733;"1678052581000";20;10;"OPEN";""
734;"1678052296000";38;1;"OPEN";""
735;"1678052193000";17;23;"OPEN";""
736;"1678052274000";34;6;"OPEN";""
737;"1678052592000";10;30;"OPEN";""
738;"1678052490000";29;11;"OPEN";""
739;"1678052474000";40;0;"OPEN";""
740;"1678052338000";1;29;"OPEN";""
741;"1678052554000";3;27;"OPEN";""
742;"1678052511000";35;5;"OPEN";""
743;"1678052640000";37;3;"OPEN";""
744;"1678052284000";23;7;"OPEN";""
745;"1678052638000";11;9;"OPEN";""
746;"1678052683000";1;19;"OPEN";""
747;"1678052568000";23;7;"OPEN";""
748;"1678052471000";5;3;"OPEN";""
749;"1678052425000";23;15;"OPEN";""
750;"1678052597000";38;2;"OPEN";""
751;"1678052306000";27;0;"OPEN";""
752;"1678052491000";13;27;"OPEN";""
753;"1678052225000";26;4;"OPEN";""
754;"1678052527000";11;29;"OPEN";""
755;"1678052646000";21;9;"OPEN";""
756;"1678052671000";17;3;"OPEN";""
757;"1678052610000";35;4;"OPEN";""
758;"1678052275000";28;12;"OPEN";""
759;"1678052526000";32;4;"OPEN";""
760;"1678052131000";25;15;"OPEN";""
761;"1678052129000";7;33;"OPEN";""
762;"1678052231000";8;11;"OPEN";""
763;"1678052667000";26;14;"OPEN";""
764;"1678052159000";38;2;"OPEN";""
765;"1678052213000";17;3;"OPEN";""
766;"1678052250000";29;1;"OPEN";""
767;"1678052182000";39;1;"OPEN";""
768;"1678052613000";18;2;"OPEN";""
769;"1678052469000";3;37;"OPEN";""
770;"1675786128000";0;1;"OPEN";""
771;"1678052475000";33;7;"OPEN";""
772;"1678052351000";1;19;"OPEN";""
773;"1678052343000";40;0;"OPEN";""
774;"1678052222000";13;0;"OPEN";""
775;"1678052508000";4;34;"OPEN";""
776;"1678052358000";11;18;"OPEN";""
777;"1678052105000";4;12;"OPEN";""
778;"1678052646000";15;10;"OPEN";""
779;"1678052103000";5;14;"OPEN";""
780;"1678052212000";23;17;"OPEN";""
781;"1678052398000";2;27;"OPEN";""
782;"1678052107000";13;22;"OPEN";""
783;"1678052416000";24;16;"OPEN";""
784;"1678052542000";3;19;"OPEN";""
785;"1678052584000";26;4;"OPEN";""
786;"1678052363000";37;3;"OPEN";""
787;"1678052306000";18;5;"OPEN";""
788;"1678052569000";22;18;"OPEN";""
789;"1678052514000";18;2;"OPEN";""
790;"1678052502000";5;15;"OPEN";""
791;"1678052359000";1;18;"OPEN";""
792;"1678052405000";1;28;"OPEN";""
793;"1678052410000";40;0;"OPEN";""
794;"1678052495000";26;4;"OPEN";""
795;"1678052337000";18;2;"OPEN";""
796;"1678052504000";15;25;"OPEN";""
797;"1678052354000";2;38;"OPEN";""
798;"1678052199000";4;26;"OPEN";""
799;"1678052880000";1;29;"OPEN";""
800;"1678052518000";15;5;"OPEN";""
801;"1678052417000";29;4;"OPEN";""
802;"1678052816000";25;10;"OPEN";""
803;"1678052496000";29;1;"OPEN";""
804;"1678052886000";34;6;"OPEN";""
805;"1678052538000";3;17;"OPEN";""
806;"1678052591000";0;30;"OPEN";""
807;"1678052912000";30;0;"OPEN";""
808;"1678052493000";7;25;"OPEN";""
809;"1678052485000";40;0;"OPEN";""
810;"1678052862000";27;2;"OPEN";""
811;"1678052448000";21;9;"OPEN";""
812;"1678052818000";6;14;"OPEN";""
813;"1678052534000";4;36;"OPEN";""
814;"1678052466000";2;28;"OPEN";""
815;"1678052787000";19;11;"OPEN";""
816;"1678052420000";5;24;"OPEN";""
817;"1678052922000";37;3;"OPEN";""
818;"1678052906000";18;12;"OPEN";""
819;"1678052903000";25;15;"OPEN";""
820;"1678052814000";5;25;"OPEN";""
821;"1678052952000";29;9;"OPEN";""
822;"1678052836000";19;11;"OPEN";""
823;"1678052558000";35;5;"OPEN";""
824;"1678052971000";29;1;"OPEN";""
825;"1678052547000";19;1;"OPEN";""
826;"1678052873000";16;14;"OPEN";""
827;"1678052789000";34;6;"OPEN";""
828;"1678052600000";24;7;"OPEN";""
829;"1678052430000";22;13;"OPEN";""
830;"1678052941000";33;7;"OPEN";""
831;"1678052975000";9;21;"OPEN";""
832;"1678052790000";28;2;"OPEN";""
833;"1678052784000";4;20;"OPEN";""
834;"1678052879000";29;11;"OPEN";""
835;"1678052905000";27;3;"OPEN";""
836;"1678052411000";33;3;"OPEN";""
837;"1678052697000";39;1;"OPEN";""
838;"1678052612000";39;1;"OPEN";""
839;"1678052954000";27;13;"OPEN";""
840;"1678052946000";25;0;"OPEN";""
841;"1678052406000";1;28;"OPEN";""
842;"1678052817000";25;5;"OPEN";""
843;"1678052479000";0;20;"OPEN";""
844;"1678052978000";33;7;"OPEN";""
845;"1678052696000";18;12;"OPEN";""
846;"1678052453000";24;5;"OPEN";""
847;"1678052581000";20;10;"OPEN";""
848;"1678052943000";38;1;"OPEN";""
849;"1678052799000";17;23;"OPEN";""
850;"1678052879000";34;6;"OPEN";""
851;"1678052941000";9;31;"OPEN";""
852;"1678052490000";29;11;"OPEN";""
853;"1678052474000";40;0;"OPEN";""
854;"1678052944000";1;29;"OPEN";""
855;"1678052554000";3;27;"OPEN";""
856;"1678052511000";35;5;"OPEN";""
857;"1678052640000";37;3;"OPEN";""
858;"1678052889000";23;7;"OPEN";""
859;"1678052638000";11;9;"OPEN";""
860;"1678052683000";1;19;"OPEN";""
861;"1678052568000";23;7;"OPEN";""
862;"1678052471000";5;3;"OPEN";""
863;"1678052425000";23;15;"OPEN";""
864;"1678052713000";37;3;"OPEN";""
865;"1678052912000";27;0;"OPEN";""
866;"1678052491000";13;27;"OPEN";""
867;"1678052831000";26;4;"OPEN";""
868;"1678052527000";11;29;"OPEN";""
869;"1678052646000";21;9;"OPEN";""
870;"1678052671000";17;3;"OPEN";""
871;"1678052852000";34;5;"OPEN";""
872;"1678052880000";28;12;"OPEN";""
873;"1678052526000";32;4;"OPEN";""
874;"1678052737000";25;15;"OPEN";""
875;"1678052735000";7;33;"OPEN";""
876;"1678052836000";8;11;"OPEN";""
877;"1678052795000";26;14;"OPEN";""
878;"1678052765000";38;2;"OPEN";""
879;"1678052819000";17;3;"OPEN";""
880;"1678052856000";29;1;"OPEN";""
881;"1678052787000";39;1;"OPEN";""
882;"1678052613000";18;2;"OPEN";""
883;"1678052469000";3;37;"OPEN";""
884;"1675786128000";0;1;"OPEN";""
885;"1678052475000";33;7;"OPEN";""
886;"1678052957000";1;19;"OPEN";""
887;"1678052948000";40;0;"OPEN";""
888;"1678052827000";13;0;"OPEN";""
889;"1678052508000";4;34;"OPEN";""
890;"1678052964000";11;18;"OPEN";""
891;"1678052711000";4;12;"OPEN";""
892;"1678052646000";15;10;"OPEN";""
893;"1678052868000";4;15;"OPEN";""
894;"1678052818000";23;17;"OPEN";""
895;"1678052398000";2;27;"OPEN";""
896;"1678052713000";13;22;"OPEN";""
897;"1678052869000";23;17;"OPEN";""
898;"1678052542000";3;19;"OPEN";""
899;"1678052584000";26;4;"OPEN";""
900;"1678052968000";37;3;"OPEN";""
901;"1678052933000";17;6;"OPEN";""
902;"1678052569000";22;18;"OPEN";""
903;"1678052514000";18;2;"OPEN";""
904;"1678052502000";5;15;"OPEN";""
905;"1678052965000";1;18;"OPEN";""
906;"1678052405000";1;28;"OPEN";""
907;"1678052410000";40;0;"OPEN";""
908;"1678052495000";26;4;"OPEN";""
909;"1678052942000";18;2;"OPEN";""
910;"1678052721000";15;25;"OPEN";""
911;"1678052959000";2;38;"OPEN";""
912;"1678052805000";4;26;"OPEN";""
913;"1678052880000";1;29;"OPEN";""
914;"1678053123000";15;5;"OPEN";""
915;"1678053140000";30;3;"OPEN";""
916;"1678052816000";25;10;"OPEN";""
917;"1678053101000";29;1;"OPEN";""
918;"1678052886000";34;6;"OPEN";""
919;"1678053144000";3;17;"OPEN";""
920;"1678053196000";0;30;"OPEN";""
921;"1678052912000";30;0;"OPEN";""
922;"1678053099000";7;25;"OPEN";""
923;"1678053091000";40;0;"OPEN";""
924;"1678052862000";27;2;"OPEN";""
925;"1678053053000";21;9;"OPEN";""
926;"1678052818000";6;14;"OPEN";""
927;"1678053139000";4;36;"OPEN";""
928;"1678053072000";2;28;"OPEN";""
929;"1678052787000";19;11;"OPEN";""
930;"1678053025000";5;24;"OPEN";""
931;"1678052922000";37;3;"OPEN";""
932;"1678052906000";18;12;"OPEN";""
933;"1678052903000";25;15;"OPEN";""
934;"1678052814000";5;25;"OPEN";""
935;"1678052952000";29;9;"OPEN";""
936;"1678053088000";18;12;"OPEN";""
937;"1678053163000";35;5;"OPEN";""
938;"1678052971000";29;1;"OPEN";""
939;"1678053152000";19;1;"OPEN";""
940;"1678052873000";16;14;"OPEN";""
941;"1678052789000";34;6;"OPEN";""
942;"1678053171000";25;6;"OPEN";""
943;"1678053036000";22;13;"OPEN";""
944;"1678052941000";33;7;"OPEN";""
945;"1678052975000";9;21;"OPEN";""
946;"1678053023000";28;2;"OPEN";""
947;"1678052784000";4;20;"OPEN";""
948;"1678052879000";29;11;"OPEN";""
949;"1678052905000";27;3;"OPEN";""
950;"1678053016000";33;3;"OPEN";""
951;"1678052697000";39;1;"OPEN";""
952;"1678053217000";39;1;"OPEN";""
953;"1678052954000";27;13;"OPEN";""
954;"1678052946000";25;0;"OPEN";""
955;"1678053011000";1;28;"OPEN";""
956;"1678052817000";25;5;"OPEN";""
957;"1678053083000";0;20;"OPEN";""
958;"1678052978000";33;7;"OPEN";""
959;"1678052696000";18;12;"OPEN";""
960;"1678053059000";24;5;"OPEN";""
961;"1678053185000";20;10;"OPEN";""
962;"1678052943000";38;1;"OPEN";""
963;"1678052799000";17;23;"OPEN";""
964;"1678052879000";34;6;"OPEN";""
965;"1678053262000";9;31;"OPEN";""
966;"1678053147000";28;12;"OPEN";""
967;"1678053079000";40;0;"OPEN";""
968;"1678052944000";1;29;"OPEN";""
969;"1678053160000";3;27;"OPEN";""
970;"1678053116000";35;5;"OPEN";""
971;"1678053246000";37;3;"OPEN";""
972;"1678053191000";22;8;"OPEN";""
973;"1678053244000";11;9;"OPEN";""
974;"1678052683000";1;19;"OPEN";""
975;"1678053173000";23;7;"OPEN";""
976;"1678053076000";5;3;"OPEN";""
977;"1678053030000";23;15;"OPEN";""
978;"1678052713000";37;3;"OPEN";""
979;"1678052912000";27;0;"OPEN";""
980;"1678053096000";13;27;"OPEN";""
981;"1678052831000";26;4;"OPEN";""
982;"1678053118000";11;28;"OPEN";""
983;"1678053252000";21;9;"OPEN";""
984;"1678053277000";17;3;"OPEN";""
985;"1678053076000";34;5;"OPEN";""
986;"1678053189000";28;12;"OPEN";""
987;"1678053132000";32;4;"OPEN";""
988;"1678052737000";25;15;"OPEN";""
989;"1678052735000";7;33;"OPEN";""
990;"1678052836000";8;11;"OPEN";""
991;"1678052795000";26;14;"OPEN";""
992;"1678052765000";38;2;"OPEN";""
993;"1678052819000";17;3;"OPEN";""
994;"1678052856000";29;1;"OPEN";""
995;"1678052787000";39;1;"OPEN";""
996;"1678053219000";18;2;"OPEN";""
997;"1678053075000";3;37;"OPEN";""
998;"1675786128000";0;1;"OPEN";""
999;"1678053193000";32;8;"OPEN";""
1000;"1678053245000";1;19;"OPEN";""
